Parameter,Value
MSE,21.14205
MAE,3.53125
R-SQUARED,0.003287603302497777
RMSE,4.598048499091761
ACCURACY,78.45
