Parameter,Value
MSE,42.07997921610597
MAE,4.729173452452965
R-SQUARED,-0.953817999584353
RMSE,6.486908294103284
ACCURACY,88.4092565880291
