Parameter,Value
MSE,30.680858654010205
MAE,3.79292106773378
R-SQUARED,-0.42454475970760064
RMSE,5.539030479606535
ACCURACY,99.15018689994261
